model,precision,recall,F1,accuracy,AUC
random forest test,0.9886104783599089,0.921443736730361,0.9538461538461539,0.9849570200573066,0.959644746434978
decision tree test,0.9626373626373628,0.929936305732484,0.9460043196544276,0.9820916905444126,0.9613059383035536
random forest cv,0.9825006539562166,0.9050146605518383,0.9420230066151032,0.9812537313432836,0.9822332189983131
decision tree cv,0.9577832657108972,0.914229506553392,0.935392854097708,0.9787462686567164,0.9737456046840824
logistic regression,0.789932164135956,0.8191260744985673,0.7994325547138176,0.8191260744985673,0.5959054730600599
