model,precision,recall,F1,accuracy,AUC
decision tree test,0.9626373626373627,0.9299363057324841,0.9460043196544277,0.9820916905444126,0.9613059383035535
decision tree cv,0.9577832657108972,0.9142295065533919,0.935392854097708,0.9787462686567163,0.9737456046840824
logistic regression,0.789932164135956,0.8191260744985673,0.7994325547138176,0.8191260744985673,0.5959054730600599
