model,precision,recall,F1,accuracy,AUC
logistic regression,0.789932164135956,0.8191260744985673,0.7994325547138176,0.8191260744985673,0.5959054730600599
